timestamp,event_id
2024-08-25 00:00:00,4625
2024-08-25 00:15:00,4625
2024-08-25 00:30:00,4625
2024-08-25 00:45:00,4625
2024-08-25 01:00:00,4625
2024-08-25 01:15:00,4625
2024-08-25 01:30:00,4625
2024-08-25 01:45:00,4625
2024-08-25 02:00:00,4625
2024-08-25 02:15:00,4625
2024-08-25 02:30:00,4625
2024-08-25 02:45:00,4625
2024-08-25 03:00:00,4625
2024-08-25 03:15:00,4625
2024-08-25 03:30:00,4625
2024-08-25 03:45:00,4625
2024-08-25 04:00:00,4625
2024-08-25 04:15:00,4625
2024-08-25 04:30:00,4625
2024-08-25 04:45:00,4625
2024-08-25 05:00:00,4625
2024-08-25 05:15:00,4625
2024-08-25 05:30:00,4625
2024-08-25 05:45:00,4625
2024-08-25 06:00:00,4625
2024-08-25 06:15:00,4625
2024-08-25 06:30:00,4625
2024-08-25 06:45:00,4625
2024-08-25 07:00:00,4625
2024-08-25 07:15:00,4625
2024-08-25 07:30:00,4625
2024-08-25 07:45:00,4625
2024-08-25 08:00:00,4625
2024-08-25 08:15:00,4625
2024-08-25 08:30:00,4625
2024-08-25 08:45:00,4625
2024-08-25 09:00:00,4625
2024-08-25 09:15:00,4625
2024-08-25 09:30:00,4625
2024-08-25 09:45:00,4625
2024-08-25 10:00:00,4625
2024-08-25 10:15:00,4625
2024-08-25 10:30:00,4626
2024-08-25 10:45:00,4627
2024-08-25 11:00:00,4625
